DATE,TIME,DOW,STR#,DIR,ROADWAY,SUF,MP,INTERSECTION,#UNITS,#VEH#,#KILL,#INJURED,WEATHER,RD\COND,H&R,DIRECTIONAL ANALYSIS,MANNER,RDCHAR,LIGHT COND
6/1/19,1756,Saturday,,,TRADE,ST,0.017,,2,1,0,1,CLEAR,DRY,false,COLLISION WITH BICYCLIST NON INTERSECTION,SINGLE VEHICLE,STRAIGHT & GRADE,DAYLIGHT
6/2/19,2035,Sunday,,,ROYAL,AVE,0.105,,2,1,0,1,CLOUDY,DRY,false,COLLISION WITH BICYCLIST NON INTERSECTION,SINGLE VEHICLE,STRAIGHT & LEVEL,DAYLIGHT
6/2/19,0140,Sunday,,,RICHMOND,RD,11.724,,2,1,0,1,CLEAR,DRY,true,COLLISION WITH PEDESTRIAN NON - INTERSECTION,SINGLE VEHICLE,STRAIGHT & LEVEL,DARK-HWY LIGHTED/ON
6/11/19,1902,Tuesday,,,CITATION,BLVD,3.08,MAGNOLIA SPRINGS DR,2,1,0,1,CLEAR,DRY,true,COLLISION WITH PEDESTRIAN IN INTERSECTION,SINGLE VEHICLE,,DAYLIGHT
6/18/19,1059,Tuesday,1700,,RALEIGH,RD,,,2,1,0,0,RAINING,WET,true,COLLISION WITH BICYCLIST NON INTERSECTION,SINGLE VEHICLE,STRAIGHT & LEVEL,DAYLIGHT
7/3/19,1200,Wednesday,,S,BROADWAY,,5.639,VIRGINIA AVE,2,1,0,1,CLOUDY,DRY,true,COLLISION WITH BICYCLE IN INTERSECTION,SINGLE VEHICLE,STRAIGHT & GRADE,DAYLIGHT
7/11/19,1736,Thursday,,,FT HARRODS,DR,0.108,MALONE DR,2,1,0,1,CLOUDY,DRY,false,COLLISION WITH BICYCLE IN INTERSECTION,SINGLE VEHICLE,CURVE & GRADE,DAYLIGHT
7/12/19,1335,Friday,,,BRYAN STATION,RD,0.164,,2,1,0,1,CLEAR,DRY,false,COLLISION WITH BICYCLIST NON INTERSECTION,SINGLE VEHICLE,STRAIGHT & LEVEL,DAYLIGHT
7/17/19,0925,Wednesday,,,NEWTOWN,PIKE,14.654,MAIN ST,2,1,0,0,CLEAR,DRY,false,COLLISION WITH BICYCLE IN INTERSECTION,SINGLE VEHICLE,STRAIGHT & LEVEL,DAYLIGHT
7/20/19,1452,Saturday,,E,6TH,ST,0.239,,2,1,0,1,CLEAR,DRY,false,COLLISION WITH BICYCLIST NON INTERSECTION,SINGLE VEHICLE,STRAIGHT & GRADE,DAYLIGHT
7/24/19,1655,Wednesday,,,BRYANWOOD,PKWY,0.001,BRYAN STATION RD,2,1,0,0,CLEAR,DRY,false,COLLISION WITH BICYCLE IN INTERSECTION,SINGLE VEHICLE,STRAIGHT & LEVEL,DAYLIGHT
7/29/19,1603,Monday,6100,,MT HOREB,PIKE,1.204,,2,1,0,1,CLEAR,DRY,false,COLLISION WITH BICYCLIST NON INTERSECTION,SINGLE VEHICLE,CURVE & GRADE,DAYLIGHT
7/31/19,1310,Wednesday,,E,MAIN,ST,12.91,ASHLAND AVE,2,1,0,0,CLOUDY,DRY,false,COLLISION WITH BICYCLE IN INTERSECTION,SINGLE VEHICLE,STRAIGHT & LEVEL,DAYLIGHT
8/27/19,1745,Tuesday,200,W,NEW CIRCLE,RD,10.451,,2,1,0,0,CLEAR,DRY,false,COLLISION WITH BICYCLIST NON INTERSECTION,SINGLE VEHICLE,STRAIGHT & LEVEL,DAYLIGHT
9/3/19,,Tuesday,,,EUCLID,AVE,12.618,WOODLAND AVE,2,1,0,1,CLEAR,DRY,true,COLLISION WITH BICYCLE IN INTERSECTION,SINGLE VEHICLE,STRAIGHT & LEVEL,DAYLIGHT
9/10/19,1946,Tuesday,,,ALEXANDRIA,DR,2.71,ROCKY POINT CT,2,1,0,1,CLEAR,DRY,false,COLLISION WITH PEDESTRIAN IN INTERSECTION,SINGLE VEHICLE,STRAIGHT & LEVEL,DAYLIGHT
9/18/19,1606,Wednesday,,S,MARTIN LUTHER KING,BLVD,0.305,MAXWELL ST,2,1,0,1,CLEAR,DRY,false,COLLISION WITH BICYCLE IN INTERSECTION,SINGLE VEHICLE,STRAIGHT & LEVEL,DAYLIGHT
10/2/19,0835,Wednesday,,,RANSOM,AVE,0.23,HIGH ST,2,1,0,1,CLEAR,DRY,false,COLLISION WITH BICYCLE IN INTERSECTION,SINGLE VEHICLE,STRAIGHT & LEVEL,DAYLIGHT
10/2/19,1926,Wednesday,,,NICHOLASVILLE,RD,3.97,,2,1,0,0,CLEAR,DRY,false,COLLISION WITH BICYCLIST NON INTERSECTION,SINGLE VEHICLE,STRAIGHT & LEVEL,DARK-HWY LIGHTED/ON
10/8/19,1610,Tuesday,,,RED MILE,RD,0.511,GRAND CIRCUIT DR,2,1,0,1,CLEAR,DRY,false,COLLISION WITH BICYCLE IN INTERSECTION,SINGLE VEHICLE,STRAIGHT & LEVEL,DAYLIGHT
11/6/19,1733,Wednesday,,,ROSE,ST,0.307,,2,1,0,0,CLEAR,DRY,false,OTHER ROADWAY OR MID-BLOCK COLLISION,SINGLE VEHICLE,STRAIGHT & LEVEL,DAYLIGHT
11/9/19,1458,Saturday,,N,LIMESTONE,,1.656,PARIS AVE,2,1,0,1,CLEAR,DRY,true,COLLISION WITH BICYCLE IN INTERSECTION,SINGLE VEHICLE,STRAIGHT & LEVEL,DAYLIGHT
11/21/19,0830,Thursday,,E,5TH,ST,0.132,MARTIN LUTHER KING BLVD,2,1,0,1,CLEAR,DRY,false,COLLISION WITH BICYCLE IN INTERSECTION,SINGLE VEHICLE,STRAIGHT & LEVEL,DAYLIGHT
11/26/19,2052,Tuesday,,,HARRODSBURG,RD,4.928,BOB O LINK DR,2,1,0,1,RAINING,WET,false,COLLISION WITH BICYCLE IN INTERSECTION,SINGLE VEHICLE,STRAIGHT & LEVEL,DARK-HWY LIGHTED/ON
11/29/19,2226,Friday,,,EUCLID,AVE,12.227,ASHLAND AVE,2,1,0,1,CLEAR,DRY,false,COLLISION WITH BICYCLE IN INTERSECTION,SINGLE VEHICLE,STRAIGHT & LEVEL,DARK-HWY LIGHTED/ON
12/2/19,0933,Monday,,,VERSAILLES,RD,6.973,FORBES RD,2,1,0,1,CLOUDY,WET,true,COLLISION WITH BICYCLE IN INTERSECTION,SINGLE VEHICLE,STRAIGHT & LEVEL,DAYLIGHT
1/31/20,1741,Friday,,,BURBANK,DR,0.002,,2,1,0,1,CLOUDY,WET,false,COLLISION WITH BICYCLIST NON INTERSECTION,SINGLE VEHICLE,STRAIGHT & LEVEL,DUSK
2/5/20,1851,Wednesday,,,EASTWAY,DR,0.124,SHERIDAN DR,2,1,0,0,RAINING,WET,false,COLLISION WITH BICYCLE IN INTERSECTION,SINGLE VEHICLE,STRAIGHT & LEVEL,DARK-HWY LIGHTED/ON
2/19/20,1056,Wednesday,,,RICHMOND,RD,11.196,LIFE LN,2,1,0,1,CLEAR,DRY,true,OTHER INTERSECTION COLLISIONS,SINGLE VEHICLE,STRAIGHT & LEVEL,DAYLIGHT
2/19/20,1100,Wednesday,,,ALEXANDRIA,DR,5.261,HARRODSBURG RD,2,1,0,0,CLEAR,DRY,true,COLLISION WITH BICYCLE IN INTERSECTION,SINGLE VEHICLE,STRAIGHT & LEVEL,DAYLIGHT
2/21/20,2011,Friday,,,WINSLOW,ST,5.731,,2,1,0,0,CLEAR,DRY,true,COLLISION WITH BICYCLIST NON INTERSECTION,SINGLE VEHICLE,STRAIGHT & LEVEL,DARK-HWY LIGHTED/ON
2/25/20,1348,Tuesday,,S,UPPER,ST,5.808,BOLIVAR ST,2,1,0,0,CLEAR,DRY,true,OTHER INTERSECTION COLLISIONS,SINGLE VEHICLE,STRAIGHT & LEVEL,DAYLIGHT
3/6/20,0846,Friday,,,MAN O WAR,BLVD,5.415,,2,1,0,1,CLOUDY,DRY,false,COLLISION WITH BICYCLIST NON INTERSECTION,SINGLE VEHICLE,STRAIGHT & LEVEL,DAYLIGHT
4/9/20,1400,Thursday,,,VERSAILLES,RD,6.674,DELMONT DR,2,1,0,1,CLEAR,DRY,false,COLLISION WITH BICYCLE IN INTERSECTION,SINGLE VEHICLE,STRAIGHT & LEVEL,DAYLIGHT
5/2/20,1245,Saturday,,,CANE RUN,RD,0.236,HAWTHORNE LN,2,1,0,1,CLEAR,DRY,false,COLLISION WITH BICYCLE IN INTERSECTION,SINGLE VEHICLE,STRAIGHT & GRADE,DAYLIGHT
5/8/20,0502,Friday,,,NICHOLASVILLE,RD,2.777,,2,1,0,1,CLOUDY,DRY,false,OTHER ROADWAY OR MID-BLOCK COLLISION,SINGLE VEHICLE,CURVE & LEVEL,DARK-HWY LIGHTED/ON
5/22/20,1419,Friday,,,HILL N DALE,RD,0.442,,2,1,0,1,CLOUDY,DRY,false,COLLISION WITH BICYCLIST NON INTERSECTION,SINGLE VEHICLE,STRAIGHT & LEVEL,DAYLIGHT
5/28/20,0808,Thursday,,,TATES CREEK,RD,9.711,DOVE RUN RD,2,1,0,1,CLEAR,DRY,false,COLLISION WITH BICYCLE IN INTERSECTION,SINGLE VEHICLE,STRAIGHT & LEVEL,DAYLIGHT
5/31/20,0830,Sunday,300,W,NEW CIRCLE,RD,10.347,,2,1,0,0,CLOUDY,DRY,true,COLLISION WITH BICYCLIST NON INTERSECTION,SINGLE VEHICLE,STRAIGHT & LEVEL,DARK-HWY LIGHTED/ON
5/31/20,1954,Sunday,,,FORSYTHE,DR,,GLADMAN WAY,2,1,0,1,CLEAR,DRY,false,COLLISION WITH BICYCLE IN INTERSECTION,SINGLE VEHICLE,STRAIGHT & GRADE,DAYLIGHT
6/7/20,1955,Sunday,,,BULL LEA,RD,0.315,CITATION BLVD,2,1,0,1,CLEAR,DRY,false,COLLISION WITH BICYCLE IN INTERSECTION,SINGLE VEHICLE,STRAIGHT & LEVEL,DAYLIGHT
6/9/20,1055,Tuesday,,,CHEROKEE,PARK,0.005,NICHOLASVILLE RD,2,1,0,1,CLEAR,DRY,false,COLLISION WITH BICYCLE IN INTERSECTION,SINGLE VEHICLE,STRAIGHT & LEVEL,DAYLIGHT
6/20/20,1159,Saturday,,,PALUMBO,DR,1.577,MAN O WAR BLVD,2,1,0,1,CLEAR,DRY,false,COLLISION WITH BICYCLE IN INTERSECTION,SINGLE VEHICLE,STRAIGHT & LEVEL,DAYLIGHT
6/29/20,1358,Monday,,S,LIMESTONE,,5.212,,2,1,0,0,CLOUDY,DRY,false,COLLISION WITH BICYCLIST NON INTERSECTION,SINGLE VEHICLE,STRAIGHT & LEVEL,DAYLIGHT
7/1/20,1510,Wednesday,,,NICHOLASVILLE,RD,1.512,ROJAY DR,2,1,0,1,CLEAR,DRY,false,COLLISION WITH BICYCLE IN INTERSECTION,SINGLE VEHICLE,STRAIGHT & LEVEL,DAYLIGHT
7/4/20,2307,Saturday,,N,LIMESTONE,,0.933,7TH ST,2,1,0,1,CLEAR,DRY,true,COLLISION WITH PEDESTRIAN IN INTERSECTION,SINGLE VEHICLE,STRAIGHT & GRADE,DARK-HWY LIGHTED/ON
7/6/20,1655,Monday,,,HOLLOW CREEK,RD,0.252,RODNEY PL,2,1,0,1,CLEAR,DRY,false,COLLISION WITH BICYCLE IN INTERSECTION,SINGLE VEHICLE,STRAIGHT & LEVEL,DAYLIGHT
7/9/20,2030,Thursday,,,NEWTOWN,PIKE,14.954,,2,1,0,1,CLEAR,DRY,true,COLLISION WITH BICYCLIST NON INTERSECTION,SINGLE VEHICLE,CURVE & LEVEL,DARK-HWY LIGHTED/ON
7/17/20,2000,Friday,3500,,AMBER KING,CT,0.057,,2,1,0,0,CLEAR,DRY,false,COLLISION WITH BICYCLIST NON INTERSECTION,SINGLE VEHICLE,STRAIGHT & LEVEL,DAYLIGHT
8/5/20,1939,Wednesday,,,BULL LEA,RD,0.326,CITATION BLVD,2,1,0,1,CLEAR,DRY,false,COLLISION WITH BICYCLE IN INTERSECTION,SINGLE VEHICLE,STRAIGHT & LEVEL,DAYLIGHT
8/21/20,1820,Friday,,S,LIMESTONE,,0.429,,2,1,0,0,CLOUDY,DRY,false,COLLISION WITH BICYCLIST NON INTERSECTION,SINGLE VEHICLE,STRAIGHT & GRADE,DAYLIGHT
8/25/20,0638,Tuesday,,,HOSPITAL,DR,0.202,,2,1,0,1,CLEAR,DRY,false,COLLISION WITH BICYCLIST NON INTERSECTION,SINGLE VEHICLE,STRAIGHT & LEVEL,DAYLIGHT
9/5/20,2104,Saturday,,S,BROADWAY,,5.685,RED MILE RD,2,1,0,0,CLEAR,DRY,true,COLLISION WITH BICYCLE IN INTERSECTION,SINGLE VEHICLE,STRAIGHT & LEVEL,DARK-HWY LIGHTED/ON
9/8/20,1921,Tuesday,,,MOSS,DR,0.082,MOSS CT,2,1,0,0,CLEAR,DRY,false,COLLISION WITH BICYCLE IN INTERSECTION,SINGLE VEHICLE,CURVE & HILLCREST,DAYLIGHT
9/14/20,1205,Monday,,N,BROADWAY,,7.494,,2,1,0,1,CLOUDY,DRY,true,COLLISION WITH BICYCLIST NON INTERSECTION,SINGLE VEHICLE,STRAIGHT & LEVEL,DAYLIGHT
9/17/20,1423,Thursday,,,FREIGHT,BLVD,0.421,,2,1,0,1,CLEAR,DRY,false,COLLISION WITH BICYCLIST NON INTERSECTION,SINGLE VEHICLE,STRAIGHT & LEVEL,DAYLIGHT
9/23/20,0650,Wednesday,,,DELAWARE,AVE,0.002,,2,1,0,1,CLEAR,DRY,true,OTHER ROADWAY OR MID-BLOCK COLLISION,SINGLE VEHICLE,STRAIGHT & LEVEL,DARK-HWY LIGHTED/ON
9/25/20,1350,Friday,,,HARRODSBURG,RD,3.838,LARKSPUR DR,2,1,0,1,CLEAR,DRY,true,COLLISION WITH BICYCLE IN INTERSECTION,SINGLE VEHICLE,STRAIGHT & LEVEL,DAYLIGHT
9/28/20,1430,Monday,300,,VIRGINIA,AVE,0.137,,2,1,0,1,CLOUDY,DRY,true,COLLISION WITH BICYCLIST NON INTERSECTION,SINGLE VEHICLE,STRAIGHT & LEVEL,DAYLIGHT
10/4/20,1035,Sunday,760,,WINCHESTER,RD,8.903,,2,1,0,1,CLOUDY,DRY,false,COLLISION WITH BICYCLIST NON INTERSECTION,SINGLE VEHICLE,STRAIGHT & LEVEL,DAYLIGHT
10/4/20,1730,Sunday,,,ROSE,ST,0.103,,2,1,0,0,CLEAR,DRY,true,COLLISION WITH BICYCLIST NON INTERSECTION,SINGLE VEHICLE,STRAIGHT & LEVEL,DAYLIGHT
10/9/20,1340,Friday,,N,FORBES,RD,0.019,,2,1,0,0,CLOUDY,DRY,false,COLLISION WITH BICYCLIST NON INTERSECTION,SINGLE VEHICLE,STRAIGHT & LEVEL,DAYLIGHT
10/9/20,0655,Friday,,E,NEW CIRCLE,RD,11.338,BRYAN STATION RD,2,1,0,0,CLEAR,DRY,false,COLLISION WITH BICYCLE IN INTERSECTION,SINGLE VEHICLE,STRAIGHT & LEVEL,DARK-HWY LIGHTED/ON
10/12/20,2215,Monday,,,JEFFREY,CT,0.008,VILLAGE DR,2,1,0,1,RAINING,WET,false,COLLISION WITH BICYCLE IN INTERSECTION,SINGLE VEHICLE,STRAIGHT & LEVEL,DARK-HWY LIGHTED/ON
10/13/20,1523,Tuesday,,,CAULDER,RD,0.002,,2,1,0,1,CLEAR,DRY,false,COLLISION WITH BICYCLIST NON INTERSECTION,SINGLE VEHICLE,STRAIGHT & LEVEL,DAYLIGHT
10/13/20,1601,Tuesday,,E,NEW CIRCLE,RD,11.339,BRYAN AVE,2,1,0,1,CLEAR,DRY,false,COLLISION WITH BICYCLE IN INTERSECTION,SINGLE VEHICLE,STRAIGHT & LEVEL,DAWN
10/13/20,0948,Tuesday,,S,BROADWAY,,6.185,,2,1,0,0,CLEAR,DRY,false,COLLISION WITH PEDESTRIAN NON - INTERSECTION,SINGLE VEHICLE,STRAIGHT & LEVEL,DAYLIGHT
10/13/20,0925,Tuesday,,,EUCLID,AVE,12.547,KENTUCKY AVE,2,1,0,0,CLEAR,DRY,false,COLLISION WITH BICYCLE IN INTERSECTION,SINGLE VEHICLE,STRAIGHT & LEVEL,DAYLIGHT
10/15/20,1203,Thursday,,,JUDY,LN,0.067,,2,1,0,1,CLOUDY,DRY,false,COLLISION WITH BICYCLIST NON INTERSECTION,SINGLE VEHICLE,STRAIGHT & GRADE,DAYLIGHT
10/28/20,1448,Wednesday,,,WALTON,AVE,0.472,WINCHESTER RD,2,1,0,1,CLEAR,DRY,false,COLLISION WITH BICYCLE IN INTERSECTION,SINGLE VEHICLE,STRAIGHT & LEVEL,DAYLIGHT
11/19/20,1641,Thursday,,S,BROADWAY,,5.854,,2,1,0,0,CLEAR,DRY,false,COLLISION WITH BICYCLIST NON INTERSECTION,SINGLE VEHICLE,CURVE & GRADE,DAYLIGHT
11/23/20,1911,Monday,,,MT TABOR,RD,0.569,BAYBROOK RD,2,1,0,1,CLEAR,DRY,false,COLLISION WITH BICYCLE IN INTERSECTION,SINGLE VEHICLE,STRAIGHT & LEVEL,DARK-HWY LIGHTED/ON
12/13/20,1844,Sunday,,,DARBY CREEK,RD,0.112,,2,1,0,0,CLEAR,DRY,false,COLLISION WITH BICYCLIST NON INTERSECTION,SINGLE VEHICLE,STRAIGHT & LEVEL,DARK-HWY LIGHTED/OFF
1/1/21,1800,Friday,,,OLD RICHMOND,RD,7.471,,2,1,0,1,RAINING,WET,true,COLLISION WITH BICYCLIST NON INTERSECTION,SINGLE VEHICLE,STRAIGHT & LEVEL,DARK-HWY LIGHTED/ON
1/29/21,2241,Friday,,,LEXINGTON,AVE,0.369,AVENUE OF CHAMPIONS ,2,1,0,0,CLEAR,WET,true,COLLISION WITH BICYCLE IN INTERSECTION,SINGLE VEHICLE,STRAIGHT & LEVEL,DARK (UNKNOWN ROADWAY LIGHTING)
2/21/21,1715,Sunday,,N,LIMESTONE,,0.424,,2,1,0,1,CLEAR,WET,false,COLLISION WITH BICYCLIST NON INTERSECTION,SINGLE VEHICLE,STRAIGHT & LEVEL,DAYLIGHT
3/4/21,1726,Thursday,,,ELM TREE,LN,0.48,,2,1,0,0,CLEAR,DRY,false,COLLISION WITH BICYCLIST NON INTERSECTION,SINGLE VEHICLE,STRAIGHT & LEVEL,DAYLIGHT
3/17/21,2149,Wednesday,,E,NEW CIRCLE,RD,11.785,,2,1,1,0,RAINING,WET,true,COLLISION WITH BICYCLIST NON INTERSECTION,SINGLE VEHICLE,STRAIGHT & GRADE,DARK-HWY LIGHTED/ON
3/20/21,2027,Saturday,,E,NEW CIRCLE,RD,13.58,CHRISTIAN RD,2,1,0,1,CLEAR,DRY,false,COLLISION WITH BICYCLE IN INTERSECTION,SINGLE VEHICLE,STRAIGHT & LEVEL,DARK-HWY LIGHTED/ON
3/24/21,1705,Wednesday,2400,,WOODHILL,DR,,,2,1,0,0,CLEAR,DRY,false,COLLISION IN PARKING LOT,SINGLE VEHICLE,STRAIGHT & LEVEL,DAYLIGHT
3/24/21,0718,Wednesday,,,KEITHSHIRE,WAY,0.683,,2,1,0,1,CLEAR,DRY,false,COLLISION WITH BICYCLIST NON INTERSECTION,SINGLE VEHICLE,STRAIGHT & LEVEL,DAWN
4/4/21,2012,Sunday,1500,,ANNISTON,DR,1.122,,2,1,0,1,CLEAR,DRY,false,COLLISION WITH PEDESTRIAN NON - INTERSECTION,SINGLE VEHICLE,STRAIGHT & LEVEL,DUSK
5/8/21,1445,Saturday,,W,NEW CIRCLE,RD,10.41,RUSSELL CAVE RD,2,1,0,1,CLEAR,DRY,false,COLLISION WITH BICYCLE IN INTERSECTION,SINGLE VEHICLE,STRAIGHT & LEVEL,DAYLIGHT
5/10/21,1837,Monday,200,W,NEW CIRCLE,RD,10.584,,2,1,0,1,CLEAR,DRY,false,COLLISION IN PARKING LOT,SINGLE VEHICLE,STRAIGHT & LEVEL,DAYLIGHT
5/27/21,1645,Thursday,900,,MARBLEHEAD,DR,,,2,1,0,0,CLOUDY,DRY,true,COLLISION WITH BICYCLIST NON INTERSECTION,SINGLE VEHICLE,STRAIGHT & GRADE,DAYLIGHT
5/28/21,0738,Friday,,,DEER CROSSING,WAY,0.043,,2,1,0,1,CLEAR,DRY,false,COLLISION WITH BICYCLIST NON INTERSECTION,SINGLE VEHICLE,CURVE & LEVEL,DAYLIGHT
6/5/21,0100,Saturday,,W,SHORT,ST,0.472,,2,1,0,1,CLOUDY,DRY,true,COLLISION WITH PEDESTRIAN NON - INTERSECTION,SINGLE VEHICLE,STRAIGHT & LEVEL,DARK-HWY LIGHTED/ON
6/8/21,1611,Tuesday,,W,7TH,ST,0.069,,2,1,0,1,RAINING,WET,true,COLLISION WITH BICYCLIST NON INTERSECTION,SINGLE VEHICLE,STRAIGHT & LEVEL,DAYLIGHT
6/10/21,0757,Thursday,800,N,LIMESTONE,,1.183,,2,1,0,0,CLOUDY,DRY,false,COLLISION WITH BICYCLIST NON INTERSECTION,SINGLE VEHICLE,STRAIGHT & LEVEL,DAYLIGHT
6/16/21,1515,Wednesday,,,GRASSY CREEK,DR,0.061,MAN O WAR BLVD,2,1,0,1,CLEAR,DRY,false,COLLISION WITH BICYCLE IN INTERSECTION,SINGLE VEHICLE,STRAIGHT & LEVEL,DAYLIGHT
6/17/21,0800,Thursday,300,,FOREMAN,AVE,,,2,1,0,0,CLEAR,DRY,true,COLLISION IN PARKING LOT,SINGLE VEHICLE,STRAIGHT & LEVEL,DAYLIGHT
6/24/21,1633,Thursday,,E,NEW CIRCLE,RD,12.513,EASTLAND PKWY,2,1,0,1,CLEAR,DRY,false,COLLISION WITH BICYCLE IN INTERSECTION,SINGLE VEHICLE,STRAIGHT & LEVEL,DAYLIGHT
7/2/21,1940,Friday,,,FEATHERSTON,DR,0.122,,2,1,0,0,CLEAR,DRY,true,COLLISION WITH BICYCLIST NON INTERSECTION,SINGLE VEHICLE,CURVE & GRADE,DAYLIGHT
7/8/21,1708,Thursday,,W,NEW CIRCLE,RD,10.449,,2,1,0,1,CLEAR,DRY,false,COLLISION WITH BICYCLIST NON INTERSECTION,SINGLE VEHICLE,STRAIGHT & LEVEL,DAYLIGHT
7/11/21,1353,Sunday,,,SUNSET,DR,0.26,TATES CREEK RD,2,1,0,0,CLOUDY,DRY,false,COLLISION WITH PEDESTRIAN IN INTERSECTION,SINGLE VEHICLE,STRAIGHT & LEVEL,DAYLIGHT
7/16/21,2325,Friday,,,RICHMOND,RD,10.638,,2,1,0,1,CLEAR,DRY,true,OTHER ROADWAY OR MID-BLOCK COLLISION,SINGLE VEHICLE,STRAIGHT & LEVEL,DARK-HWY LIGHTED/ON
7/29/21,2008,Thursday,1100,,WINCHESTER,RD,9.562,,2,1,0,0,CLEAR,DRY,false,COLLISION WITH BICYCLIST NON INTERSECTION,SINGLE VEHICLE,STRAIGHT & LEVEL,DAYLIGHT
7/30/21,1735,Friday,,,CONSTITUTION,ST,0.131,LIMESTONE ,2,1,0,1,CLEAR,DRY,false,COLLISION WITH BICYCLE IN INTERSECTION,SINGLE VEHICLE,STRAIGHT & LEVEL,DAYLIGHT
8/6/21,2041,Friday,3800,,KENESAW,DR,0.549,,2,1,0,0,CLEAR,DRY,false,COLLISION IN PARKING LOT,SINGLE VEHICLE,STRAIGHT & LEVEL,DARK-HWY LIGHTED/ON
8/8/21,0715,Sunday,,,MAN O WAR,BLVD,15.032,SIR BARTON WAY,2,1,0,1,CLEAR,DRY,false,COLLISION WITH BICYCLE IN INTERSECTION,SINGLE VEHICLE,STRAIGHT & LEVEL,DAYLIGHT
8/9/21,1533,Monday,,,EUCLID,AVE,12.561,,2,1,0,1,RAINING,WET,false,COLLISION WITH BICYCLIST NON INTERSECTION,SINGLE VEHICLE,STRAIGHT & LEVEL,DAYLIGHT
8/11/21,1706,Wednesday,1300,,VERSAILLES,RD,7.034,,2,1,0,0,CLEAR,DRY,false,COLLISION IN PARKING LOT,SINGLE VEHICLE,STRAIGHT & LEVEL,DAYLIGHT
8/11/21,1956,Wednesday,,,GEORGETOWN,ST,15.423,,2,1,0,1,CLEAR,DRY,true,OTHER COLLISIONS ON SHOULDER,SINGLE VEHICLE,STRAIGHT & LEVEL,DAYLIGHT
8/24/21,2240,Tuesday,,E,LOUDON,AVE,0.003,LIMESTONE ,2,1,0,1,CLEAR,DRY,false,COLLISION WITH BICYCLE IN INTERSECTION,SINGLE VEHICLE,STRAIGHT & LEVEL,DARK-HWY LIGHTED/ON
8/28/21,2112,Saturday,,,NEWTOWN SPRINGS,DR,0,,2,1,0,1,CLEAR,DRY,false,COLLISION WITH BICYCLIST NON INTERSECTION,SINGLE VEHICLE,STRAIGHT & LEVEL,DARK-HWY LIGHTED/ON
9/10/21,0958,Friday,,,ROSE,ST,0.507,AVENUE OF CHAMPIONS ,2,1,0,1,CLEAR,DRY,false,COLLISION WITH BICYCLE IN INTERSECTION,SINGLE VEHICLE,STRAIGHT & LEVEL,DAYLIGHT
9/12/21,2103,Sunday,,,LOCUST,AVE,0.065,,2,1,0,0,CLEAR,DRY,true,COLLISION WITH BICYCLIST NON INTERSECTION,SINGLE VEHICLE,STRAIGHT & GRADE,DARK-HWY NOT LIGHTED
9/13/21,1750,Monday,,N,BROADWAY,,7.124,5TH ST,2,1,0,1,CLEAR,DRY,false,COLLISION WITH BICYCLE IN INTERSECTION,SINGLE VEHICLE,STRAIGHT & LEVEL,DAYLIGHT
9/14/21,1737,Tuesday,,,WOODHILL,DR,0.217,CODELL DR,2,1,0,0,CLEAR,DRY,false,COLLISION WITH BICYCLE IN INTERSECTION,SINGLE VEHICLE,STRAIGHT & LEVEL,DAYLIGHT
9/18/21,2021,Saturday,,,WINCHESTER,RD,9.296,LIBERTY RD,2,1,0,1,CLEAR,DRY,true,COLLISION WITH BICYCLE IN INTERSECTION,SINGLE VEHICLE,STRAIGHT & LEVEL,DARK-HWY LIGHTED/ON
9/22/21,0018,Wednesday,,S,BROADWAY,,5.654,,2,1,0,1,CLOUDY,WET,false,COLLISION WITH BICYCLIST NON INTERSECTION,SINGLE VEHICLE,STRAIGHT & LEVEL,DARK-HWY LIGHTED/OFF
9/25/21,2353,Saturday,,,MIDLAND,AVE,8.124,MAIN ST,2,1,0,0,CLEAR,DRY,true,COLLISION WITH BICYCLE IN INTERSECTION,SINGLE VEHICLE,STRAIGHT & LEVEL,DARK-HWY LIGHTED/ON
10/3/21,0545,Sunday,100,E,NEW CIRCLE,RD,11.136,GOLDEN WAY,2,1,0,1,RAINING,WET,true,COLLISION WITH BICYCLE IN INTERSECTION,SINGLE VEHICLE,STRAIGHT & LEVEL,DARK-HWY LIGHTED/ON
10/4/21,1450,Monday,1000,S,BROADWAY,,5.435,,2,1,0,0,CLOUDY,DRY,true,COLLISION IN PARKING LOT,SINGLE VEHICLE,STRAIGHT & GRADE,DAYLIGHT
10/7/21,1449,Thursday,,,NICHOLASVILLE,RD,1.677,,2,1,0,1,CLOUDY,DRY,false,COLLISION WITH BICYCLIST NON INTERSECTION,SINGLE VEHICLE,STRAIGHT & LEVEL,DAYLIGHT
10/13/21,2033,Wednesday,,,BUCKHORN,DR,0.964,HARTSTON DR,2,1,0,0,RAINING,WET,false,COLLISION WITH BICYCLE IN INTERSECTION,SINGLE VEHICLE,STRAIGHT & LEVEL,DARK-HWY LIGHTED/ON
10/14/21,0050,Thursday,,E,NEW CIRCLE,RD,11.74,MEADOW LN,2,1,0,0,CLEAR,DRY,true,COLLISION WITH BICYCLE IN INTERSECTION,SINGLE VEHICLE,STRAIGHT & LEVEL,DARK-HWY LIGHTED/ON
10/15/21,1018,Friday,,E,7TH,ST,0.161,MARTIN LUTHER KING BLVD,2,1,0,1,CLEAR,DRY,true,OTHER INTERSECTION COLLISIONS,SINGLE VEHICLE,STRAIGHT & LEVEL,DAYLIGHT
10/19/21,0140,Tuesday,,,ALEXANDRIA,DR,2.886,DEVONPORT DR,2,1,0,1,CLEAR,DRY,true,COLLISION WITH BICYCLE IN INTERSECTION,SINGLE VEHICLE,STRAIGHT & LEVEL,DARK-HWY LIGHTED/ON
10/19/21,0850,Tuesday,,W,NEW CIRCLE,RD,10.01,COLESBURY CIR,2,1,0,1,CLEAR,DRY,false,OTHER INTERSECTION COLLISIONS,SINGLE VEHICLE,STRAIGHT & LEVEL,DAYLIGHT
10/23/21,2212,Saturday,,,SIR BARTON,WAY,1.336,,2,1,0,1,RAINING,WET,true,COLLISION WITH BICYCLIST NON INTERSECTION,SINGLE VEHICLE,STRAIGHT & LEVEL,DARK-HWY LIGHTED/ON
10/26/21,1320,Tuesday,,,RED MILE,RD,0.98,NANCY HANKS RD,2,1,0,0,CLOUDY,DRY,false,COLLISION WITH BICYCLE IN INTERSECTION,SINGLE VEHICLE,STRAIGHT & LEVEL,DAYLIGHT
10/27/21,1502,Wednesday,,W,4TH,ST,0.831,,2,1,0,1,CLEAR,DRY,false,COLLISION WITH BICYCLIST NON INTERSECTION,SINGLE VEHICLE,STRAIGHT & LEVEL,DAYLIGHT
11/12/21,0950,Friday,,,VIRGINIA,AVE,0.164,,2,1,0,1,CLEAR,DRY,false,COLLISION WITH BICYCLIST NON INTERSECTION,SINGLE VEHICLE,STRAIGHT & GRADE,DAYLIGHT
11/12/21,1300,Friday,,E,MAIN,ST,13.221,,2,1,0,1,CLOUDY,DRY,true,COLLISION WITH BICYCLIST NON INTERSECTION,SINGLE VEHICLE,STRAIGHT & LEVEL,DAYLIGHT
11/21/21,1915,Sunday,800,N,BROADWAY,,7.612,,2,1,0,1,CLOUDY,WET,false,COLLISION IN PARKING LOT,SINGLE VEHICLE,STRAIGHT & GRADE,DARK-HWY LIGHTED/ON
12/4/21,1513,Saturday,,E,MAXWELL,ST,0.341,ROSE ST,2,1,0,1,CLEAR,DRY,false,COLLISION WITH BICYCLE IN INTERSECTION,SINGLE VEHICLE,STRAIGHT & LEVEL,DAYLIGHT
12/10/21,1331,Friday,,E,HIGH,ST,12.059,,2,1,0,0,CLOUDY,DRY,false,COLLISION WITH BICYCLIST NON INTERSECTION,SINGLE VEHICLE,STRAIGHT & LEVEL,DAYLIGHT
12/14/21,1653,Tuesday,1000,,TATES CREEK,RD,11.903,,2,1,0,1,CLEAR,DRY,false,COLLISION WITH BICYCLIST NON INTERSECTION,SINGLE VEHICLE,STRAIGHT & LEVEL,DUSK
12/14/21,0936,Tuesday,,,COCHRAN,RD,0.015,SUNSET DR,2,1,0,0,CLEAR,DRY,false,COLLISION WITH BICYCLE IN INTERSECTION,SINGLE VEHICLE,STRAIGHT & LEVEL,DAYLIGHT
12/15/21,1811,Wednesday,,,VILLAGE,DR,0.397,,2,1,0,1,CLEAR,DRY,false,COLLISION WITH BICYCLIST NON INTERSECTION,SINGLE VEHICLE,STRAIGHT & LEVEL,DARK-HWY LIGHTED/ON
12/15/21,0650,Wednesday,,N,BROADWAY,,7.601,LOUDON AVE,2,1,0,1,CLEAR,DRY,false,COLLISION WITH BICYCLE IN INTERSECTION,SINGLE VEHICLE,STRAIGHT & LEVEL,DARK-HWY LIGHTED/ON
12/27/21,1600,Monday,,,NICHOLASVILLE,RD,3.956,ROSEMONT GDN,2,1,0,1,CLEAR,DRY,false,COLLISION WITH BICYCLE IN INTERSECTION,SINGLE VEHICLE,STRAIGHT & LEVEL,DAYLIGHT
1/2/22,1716,Sunday,,,WELLINGTON,WAY,0.984,CORNWALL DR,2,1,0,1,CLOUDY,WET,true,COLLISION WITH BICYCLE IN INTERSECTION,SINGLE VEHICLE,STRAIGHT & LEVEL,DUSK
1/4/22,1647,Tuesday,300,W,LOUDON,AVE,0.817,,2,1,0,1,CLEAR,DRY,false,COLLISION IN PARKING LOT,SINGLE VEHICLE,STRAIGHT & LEVEL,DAYLIGHT
1/30/22,1530,Sunday,,E,NEW CIRCLE,RD,11.421,,2,1,0,0,CLEAR,DRY,true,COLLISION WITH BICYCLIST NON INTERSECTION,SINGLE VEHICLE,STRAIGHT & LEVEL,DAYLIGHT
2/22/22,1149,Tuesday,,N,BROADWAY,,8.001,TWELFTH ST,2,1,0,1,RAINING,WET,false,COLLISION WITH BICYCLE IN INTERSECTION,SINGLE VEHICLE,STRAIGHT & LEVEL,DAYLIGHT
3/29/22,1845,Tuesday,,,LIMA,DR,0,,2,1,0,1,CLOUDY,DRY,false,COLLISION WITH BICYCLIST NON INTERSECTION,SINGLE VEHICLE,STRAIGHT & LEVEL,DAYLIGHT
4/5/22,0845,Tuesday,,,ELM TREE,LN,0.482,,2,1,0,0,RAINING,WET,false,COLLISION WITH BICYCLIST NON INTERSECTION,SINGLE VEHICLE,STRAIGHT & LEVEL,DAYLIGHT
4/26/22,1504,Tuesday,,,BECK,ALY,0.003,,2,1,0,0,CLEAR,DRY,true,COLLISION WITH BICYCLIST NON INTERSECTION,SINGLE VEHICLE,STRAIGHT & GRADE,DAYLIGHT
5/1/22,1530,Sunday,,,EUCLID,AVE,12.923,ROSE ST,2,1,0,1,OTHER,OTHER,true,COLLISION WITH BICYCLE IN INTERSECTION,SINGLE VEHICLE,STRAIGHT & LEVEL,DAYLIGHT
5/20/22,1044,Friday,,N,BROADWAY,,6.833,,2,1,0,0,CLEAR,DRY,true,COLLISION WITH BICYCLIST NON INTERSECTION,SINGLE VEHICLE,STRAIGHT & LEVEL,DAYLIGHT
6/1/22,1839,Wednesday,,,KENESAW,DR,1.839,SUMMERHILL DR,2,1,0,1,CLEAR,DRY,false,COLLISION WITH BICYCLE IN INTERSECTION,SINGLE VEHICLE,STRAIGHT & GRADE,DAYLIGHT
6/15/22,2200,Wednesday,2300,,NEWTOWN,PIKE,4.543,,2,1,0,1,CLEAR,DRY,false,COLLISION WITH NON-FIXED OBJECT ,SINGLE VEHICLE,CURVE & LEVEL,DARK-HWY NOT LIGHTED
6/18/22,1747,Saturday,,,WINCHESTER,RD,9.246,,2,1,1,0,CLEAR,DRY,false,COLLISION WITH BICYCLIST NON INTERSECTION,SINGLE VEHICLE,STRAIGHT & LEVEL,DAYLIGHT
6/21/22,0801,Tuesday,,,EASTLAND,PKWY,0.179,,2,1,0,0,CLEAR,DRY,false,COLLISION WITH BICYCLIST NON INTERSECTION,SINGLE VEHICLE,CURVE & GRADE,DAYLIGHT
6/29/22,1303,Wednesday,,,GREENTREE,RD,0.665,CASTLETON WAY,2,1,0,1,CLEAR,DRY,false,COLLISION WITH BICYCLE IN INTERSECTION,SINGLE VEHICLE,STRAIGHT & HILLCREST,DAYLIGHT
6/30/22,2211,Thursday,,W,HIGH,ST,7.714,OLIVER LEWIS WAY,2,1,1,0,CLOUDY,DRY,false,COLLISION WITH BICYCLE IN INTERSECTION,SINGLE VEHICLE,CURVE & GRADE,DARK-HWY LIGHTED/ON
